{
  "timestamp": "2025-11-17 23:16:28",
  "parameters": {
    "K_bioconcentration": 50000.0,
    "nuclide_risk_weights": {
      "H3": 1.0,
      "C14": 32.22,
      "Sr90": 1555.56,
      "I129": 6111.11
    },
    "fixed_daily_consumption": {
      "日本": 0.2,
      "韩国": 0.18,
      "美国": 0.12,
      "加拿大": 0.1,
      "中国": 0.07,
      "澳大利亚": 0.13
    }
  },
  "concentrations_used": {
    "日本": {
      "C_avg": 8.2,
      "D_adult": 0.2
    },
    "韩国": {
      "C_avg": 6.8,
      "D_adult": 0.18
    },
    "美国": {
      "C_avg": 2.5,
      "D_adult": 0.12
    },
    "加拿大": {
      "C_avg": 2.1,
      "D_adult": 0.1
    },
    "中国": {
      "C_avg": 0.8,
      "D_adult": 0.07
    },
    "澳大利亚": {
      "C_avg": 0.5,
      "D_adult": 0.13
    }
  },
  "risk_classification": {
    "日本": {
      "score": 1.0004,
      "risk_level": "高风险"
    },
    "韩国": {
      "score": 0.8291154127452768,
      "risk_level": "高风险"
    },
    "美国": {
      "score": 0.3691679781877444,
      "risk_level": "中风险"
    },
    "加拿大": {
      "score": 0.1864200210633348,
      "risk_level": "中风险"
    },
    "中国": {
      "score": 0.06598947387453255,
      "risk_level": "低风险"
    },
    "澳大利亚": {
      "score": 0.0016829076211024646,
      "risk_level": "低风险"
    }
  },
  "cluster_centers": [
    0.9147577063726384,
    0.2777939996255396,
    0.03383619074781746
  ]
}